<?xml version="1.0" encoding="UTF-8"?>
<Laberinto nombre="Laberinto" dim_x="6" dim_y="6">
<Nodo x="0" y="0">
    <Camino dir="norte"></Camino>
</Nodo>
<Nodo x="1" y="0"></Nodo>
<Nodo x="2" y="0">
<Camino dir="norte"></Camino>
<Camino dir="oeste"></Camino>
</Nodo>
<Nodo x="3" y="0">
<Camino dir="oeste"></Camino>
<Camino dir="este"></Camino>
</Nodo>
<Nodo x="4" y="0">
<Camino dir="norte"></Camino>
<Camino dir="este"></Camino>
<Camino dir="oeste"></Camino>
</Nodo>
<Nodo x="5" y="0">
<Camino dir="este"></Camino>
<Camino dir="norte"></Camino>
</Nodo>
<Nodo x="0" y="1">
<Camino dir="sur"></Camino>
<Camino dir="oeste"></Camino>
</Nodo>
<Nodo x="1" y="1">
<Camino dir="norte"></Camino>
<Camino dir="oeste"></Camino>
<Camino dir="este"></Camino>
</Nodo>
<Nodo x="2" y="1">
<Camino dir="sur"></Camino>
<Camino dir="oeste"></Camino>
<Camino dir="este"></Camino>
</Nodo>
<Nodo x="3" y="1">
<Camino dir="norte"></Camino>
<Camino dir="este"></Camino>
</Nodo>
<Nodo x="4" y="1">
<Camino dir="sur"></Camino>
<Camino dir="oeste"></Camino>
</Nodo>
<Nodo x="5" y="1">
<Camino dir="sur"></Camino>
<Camino dir="norte"></Camino>
<Camino dir="este"></Camino>
</Nodo>
<Nodo x="0" y="2">
<Camino dir="norte"></Camino>
</Nodo>
<Nodo x="1" y="2">
<Camino dir="sur"></Camino>
<Camino dir="oeste"></Camino>
</Nodo>
<Nodo x="2" y="2">
<Camino dir="norte"></Camino>
<Camino dir="este"></Camino>
<Camino dir="oeste"></Camino>
</Nodo>
<Nodo x="3" y="2">
<Camino dir="este"></Camino>
<Camino dir="sur"></Camino>
</Nodo>
<Nodo x="4" y="2">
<Camino dir="norte"></Camino>
<Camino dir="oeste"></Camino>
</Nodo>
<Nodo x="5" y="2">
<Camino dir="sur"></Camino>
<Camino dir="este"></Camino>
</Nodo>
<Nodo x="0" y="3">
<Camino dir="sur"></Camino>
<Camino dir="norte"></Camino>
<Camino dir="oeste"></Camino>
</Nodo>
<Nodo x="1" y="3">
<Camino dir="este"></Camino>
<Camino dir="oeste"></Camino>
</Nodo>
<Nodo x="2" y="3">
<Camino dir="este"></Camino>
<Camino dir="sur"></Camino>
</Nodo>
<Nodo x="3" y="3">
<Camino dir="norte"></Camino>
<Camino dir="oeste"></Camino>
</Nodo>
<Nodo x="4" y="3">
<Camino dir="sur"></Camino>
<Camino dir="oeste"></Camino>
<Camino dir="este"></Camino>
</Nodo>
<Nodo x="5" y="3">
<Camino dir="norte"></Camino>
<Camino dir="este"></Camino>
</Nodo>
<Nodo x="0" y="4">
<Camino dir="sur"></Camino>
<Camino dir="norte"></Camino>
</Nodo>
<Nodo x="1" y="4">
<Camino dir="norte"></Camino>
<Camino dir="oeste"></Camino>
</Nodo>
<Nodo x="2" y="4">
<Camino dir="este"></Camino>
<Camino dir="norte"></Camino>
</Nodo>
<Nodo x="3" y="4">
<Camino dir="sur"></Camino>
<Camino dir="norte"></Camino>
</Nodo>
<Nodo x="4" y="4">
<Camino dir="oeste"></Camino>
<Camino dir="norte"></Camino>
</Nodo>
<Nodo x="5" y="4">
<Camino dir="sur"></Camino>
<Camino dir="este"></Camino>
</Nodo>
<Nodo x="0" y="5">
<Camino dir="sur"></Camino>
<Camino dir="oeste"></Camino>
</Nodo>
<Nodo x="1" y="5">
<Camino dir="este"></Camino>
<Camino dir="sur"></Camino>
</Nodo>
<Nodo x="2" y="5">
<Camino dir="sur"></Camino>
<Camino dir="oeste"></Camino>
</Nodo>
<Nodo x="3" y="5">
<Camino dir="este"></Camino>
<Camino dir="sur"></Camino>
</Nodo>
<Nodo x="4" y="5">
<Camino dir="sur"></Camino>
<Camino dir="oeste"></Camino>
</Nodo>
<Nodo x="5" y="5">
<Camino dir="este"></Camino>
</Nodo>
</Laberinto>