<?xml version="1.0" encoding="UTF-8"?>
<Laberinto  nombre="Laberinto_exterior"  dim_x="6" dim_y="6">
	<Nodo x="0" y="0" >
		<Camino dir="abajo"></Camino>
	</Nodo>
	<Nodo x="1" y="0" >
	</Nodo>
	<Nodo x="2" y="0" >
		<Camino dir="abajo" > </Camino>
		<Camino dir="derecha"> </Camino>
	</Nodo>
	<Nodo x="3" y="0" >
	    	<Camino dir="derecha"> </Camino>
		<Camino dir="izquierda" > </Camino>
	</Nodo>
	<Nodo x="4" y="0" >
		<Camino dir="abajo" > </Camino>
		<Camino dir="izquierda" > </Camino>
		<Camino dir="derecha"> </Camino>
	</Nodo>
	<Nodo x="5" y="0" >
		<Camino dir="izquierda" > </Camino>
		<Camino dir="abajo" > </Camino>
	</Nodo>
		<Nodo x="0" y="1" >
		<Camino dir="arriba"> </Camino>
	    	<Camino dir="derecha" > </Camino>
	</Nodo>
	<Nodo x="1" y="1" >
	    	<Camino dir="abajo"> </Camino>
		<Camino dir="derecha"> </Camino>
		<Camino dir="izquierda"> </Camino>
	</Nodo>
	<Nodo x="2" y="1" >
		<Camino dir="arriba"> </Camino>
		<Camino dir="derecha"> </Camino>
		<Camino dir="izquierda"> </Camino>
	</Nodo>
	<Nodo x="3" y="1" >
		<Camino dir="abajo"> </Camino>
		<Camino dir="izquierda"> </Camino>
	</Nodo>
	<Nodo x="4" y="1" >
		<Camino dir="arriba"> </Camino>
		<Camino dir="derecha"> </Camino>
	</Nodo>
	<Nodo x="5" y="1" >
	<Camino dir="arriba"> </Camino>
		<Camino dir="abajo" > </Camino>
		<Camino dir="izquierda"> </Camino>
	</Nodo>
	<Nodo x="0" y="2" >
		<Camino dir="abajo"> </Camino>
	</Nodo>
	<Nodo x="1" y="2" >
		<Camino dir="arriba"> </Camino>
		<Camino dir="derecha" > </Camino>
	</Nodo>
	<Nodo x="2" y="2" >
	<Camino dir="abajo"> </Camino>
		<Camino dir="izquierda"> </Camino>
	<Camino dir="derecha"> </Camino>
	</Nodo>
	<Nodo x="3" y="2" >
	    	<Camino dir="izquierda"> </Camino>
		<Camino dir="arriba" > </Camino>
	</Nodo>
	<Nodo x="4" y="2" >
	    <Camino dir="abajo"> </Camino>
	    <Camino dir="derecha"> </Camino>
	</Nodo>
	<Nodo x="5" y="2" >
	    <Camino dir="arriba"> </Camino>
	    <Camino dir="izquierda"> </Camino>
	</Nodo>
	<Nodo x="0" y="3" >
		<Camino dir="arriba"> </Camino>
		<Camino dir="abajo"> </Camino>
		<Camino dir="derecha"> </Camino>
	</Nodo>
	<Nodo x="1" y="3" >
	    <Camino dir="izquierda"> </Camino>
	    <Camino dir="derecha"> </Camino>
	</Nodo>
	<Nodo x="2" y="3" >
	    <Camino dir="izquierda"> </Camino>
		<Camino dir="arriba"> </Camino>
	</Nodo>
	<Nodo x="3" y="3" >
	    <Camino dir="abajo"> </Camino>
		<Camino dir="derecha"> </Camino>
	</Nodo>
	<Nodo x="4" y="3" >
	    <Camino dir="arriba"> </Camino>
	    <Camino dir="derecha"> </Camino>
	    <Camino dir="izquierda"> </Camino>
	</Nodo>
	<Nodo x="5" y="3" >
		<Camino dir="abajo" > </Camino>
		<Camino dir="izquierda"> </Camino>
	</Nodo>
	<Nodo x="0" y="4" >
		<Camino dir="arriba"> </Camino>
		<Camino dir="abajo"	> </Camino>
	</Nodo>
	<Nodo x="1" y="4" >
	    <Camino dir="abajo"> </Camino>
	    <Camino dir="derecha"> </Camino>
	</Nodo>
	<Nodo x="2" y="4" >
	    <Camino dir="izquierda"> </Camino>
		<Camino dir="abajo" > </Camino>
	</Nodo>
	<Nodo x="3" y="4" >
		<Camino dir="arriba"> </Camino>
		<Camino dir="abajo"> </Camino>
	</Nodo>
	<Nodo x="4" y="4" >
	    <Camino dir="derecha"> </Camino>
		<Camino dir="abajo" > </Camino>
	</Nodo>
	<Nodo x="5" y="4" >
	    <Camino dir="arriba"> </Camino>
		<Camino dir="izquierda" > </Camino>
	</Nodo>
	<Nodo x="0" y="5" >
		<Camino dir="arriba"> </Camino>
	    <Camino dir="derecha" > </Camino>
	</Nodo>
	<Nodo x="1" y="5" >
	    <Camino dir="izquierda"> </Camino>
		<Camino dir="arriba"> </Camino>
	</Nodo>
	<Nodo x="2" y="5" >
	    <Camino dir="arriba"> </Camino>
		<Camino dir="derecha"> </Camino>
	</Nodo>
	<Nodo x="3" y="5" >
	    <Camino dir="izquierda"> </Camino>
		<Camino dir="arriba"> </Camino>
	</Nodo>
	<Nodo x="4" y="5" >
	    <Camino dir="arriba"> </Camino>
		<Camino dir="derecha"> </Camino>
	</Nodo>
	<Nodo x="5" y="5" >
	    <Camino dir="izquierda"> </Camino>
	</Nodo>	
</Laberinto> 
